<!-- 
#######################################################################
#                                                                     #
#   RRRRRR     OOOOOO   SSSSSS  EEEEEEEE TTTTTTTT TTTTTTTT   AAAA     #
#   RR   RR   OO    OO SS    SS EE          TT       TT     AA  AA    #
#   RR    RR  OO    OO SS       EE          TT       TT    AA    AA   #
#   RR   RR   OO    OO  SS      EE          TT       TT    AA    AA   #
#   RRRRRR    OO    OO   SSSS   EEEEEE      TT       TT    AA    AA   #
#   RR   RR   OO    OO      SS  EE          TT       TT    AAAAAAAA   #
#   RR    RR  OO    OO       SS EE          TT       TT    AA    AA   #
#   RR    RR  OO    OO SS    SS EE          TT       TT    AA    AA   #
#   RR    RR   OOOOOO   SSSSSS  EEEEEEEE    TT       TT    AA    AA   #
#                                                                     #
#######################################################################

 LinuxCNC configuration for use with a Rose Engine

 File:
   Rosetta_Panel.xml

 Purpose:
   This shows up on the right side of the AXIS display.

 End User Customisation:
   THE END USER OF THE ROSETTA SYSTEM SHOULD NOT MODIFY THIS FILE.

   Changes to this file are not supported by Colvin Tools nor
   Brainwave Embedded.

 Version
   1.0 - dd mmm 2025, R. Colvin


 Copyright (c) 2025 Colvin Tools and Brainwave Embedded. 

 The following MIT/X Consortium License applies to the Rosetta system.
 Use of this system constitutes consent to the terms outlined below.

 Permission is hereby granted, free of charge, to any person obtaining 
 a copy of this software and associated documentation files (the 
 "Software"), to deal in the Software without restriction, including 
 without limitation the rights to use, copy, modify, merge, publish, 
 distribute, sublicense, and/or sell copies of the Software, and to 
 permit persons to whom the Software is furnished to do so, subject to 
 the following conditions:

 The above copyright notice and this permission notice shall be 
 included in all copies or substantial portions of the Software.

 THE SOFTWARE IS PROVIDED "AS IS", WITHOUT WARRANTY OF ANY KIND, 
 EXPRESS OR IMPLIED, INCLUDING BUT NOT LIMITED TO THE WARRANTIES OF 
 MERCHANTABILITY, FITNESS FOR A PARTICULAR PURPOSE AND NONINFRINGEMENT.
 IN NO EVENT SHALL THE AUTHORS OR COPYRIGHT HOLDERS BE LIABLE FOR ANY 
 CLAIM, DAMAGES OR OTHER LIABILITY, WHETHER IN AN ACTION OF CONTRACT, 
 TORT OR OTHERWISE, ARISING FROM, OUT OF OR IN CONNECTION WITH THE 
 SOFTWARE OR THE USE OR OTHER DEALINGS IN THE SOFTWARE.

 Except as contained in this notice, the name of COPYRIGHT HOLDERS
 shall not be used in advertising or otherwise to promote the sale, 
 use or other dealings in this Software without prior written 
 authorization from COPYRIGHT HOLDERS.

 ********************************************************************

Details about the fields are available in
  the LinuxCNC 2.9.4 System Manual, 
  §12 Virtual Control Panels, starting on
  pg. 952

********************************************************************
 -->
<pyvcp>

<!-- Spindle 0 -->
 <labelframe text="Spindle">
    <font>("Helvetica",12)</font>  

	<!-- rpm -->
    <hbox>
        <label>
            <text>"RPM     "</text>
        </label>
		<number> 
			<halpin>"spindle.0-speed"</halpin>
			<font>("Helvetica",14)</font>  
			<format>"+4.3f"</format>
		</number>
	</hbox>

	<!-- enabled status -->
    <hbox>
        <label>
            <text>"Enabled "</text>
        </label>
        <led>
            <halpin>"spindle.0-enabled"</halpin>
            <size>15</size>
            <on_color>"green"</on_color>
            <off_color>"red"</off_color>
        </led>
    </hbox>
</labelframe>

<!-- Rosette Phaser/Multiplier -->
<labelframe text="Rosette Phaser/Multiplier">
    <font>("Helvetica",12)</font>  

	<!-- rpm -->
    <hbox>
        <label>
            <text>"RPM     "</text>
        </label>
		<number> 
			<halpin>"spindle.1-speed"</halpin>
			<font>("Helvetica",14)</font>  
			<format>"+4.3f"</format>
		</number>
	</hbox>

	<!-- enabled status -->
    <hbox>
        <label>
            <text>"Enabled "</text>
        </label>
        <led>
            <halpin>"spindle.1-enabled"</halpin>
            <size>15</size>
            <on_color>"green"</on_color>
            <off_color>"red"</off_color>
        </led>
    </hbox>
</labelframe>

<labelframe text="Axes">
    <font>("Helvetica",16)</font>  
    <vbox>
        <hbox>
<!-- 
            <checkbutton>
                <halpin>"axis-x-enableset"</halpin>
                <text>"X Axis"</text>
                <initval>1</initval>
            </checkbutton>
 -->
            <button>
                <halpin>"axis-x-enableset"</halpin>
                <text>"X Axis"</text>
            </button>
            <led>
                <halpin>"axis-x-enable"</halpin>
                <size>15</size>
                <on_color>"green"</on_color>
                <off_color>"red"</off_color>
            </led>
        </hbox>
        <hbox>
            <led>
                <halpin>"axis-y-enabled"</halpin>
                <size>15</size>
                <on_color>"green"</on_color>
                <off_color>"red"</off_color>
            </led>
            <label>
                <text>"Y Enabled"</text>
            </label>
        </hbox>
        <hbox>
            <led>
                <halpin>"axis-z-enabled"</halpin>
                <size>15</size>
                <on_color>"green"</on_color>
                <off_color>"red"</off_color>
            </led>
            <label>
                <text>"Z Enabled"</text>
            </label>
        </hbox>
        <hbox>
            <led>
                <halpin>"axis-b-enabled"</halpin>
                <size>15</size>
                <on_color>"green"</on_color>
                <off_color>"red"</off_color>
            </led>
            <label>
                <text>"B Enabled"</text>
            </label>
        </hbox>
        <hbox>
            <led>
                <halpin>"axis-u-enabled"</halpin>
                <size>15</size>
                <on_color>"green"</on_color>
                <off_color>"red"</off_color>
            </led>
            <label>
                <text>"U Enabled"</text>
            </label>
        </hbox>
        <hbox>
            <led>
                <halpin>"axis-v-enabled"</halpin>
                <size>15</size>
                <on_color>"green"</on_color>
                <off_color>"red"</off_color>
            </led>
            <label>
                <text>"V Enabled"</text>
            </label>
        </hbox>
    </vbox>
</labelframe>
</pyvcp>
